{
    "alts": [
        5.3,
        5.3,
        5.3,
        5.3,
        5.3,
        5.3,
        5.3,
        5.3,
        5.3,
        5.3,
        5.3,
        5.3,
        5.3,
        5.3,
        5.3,
        5.3,
        5.3,
        5.3,
        5.3,
        5.3,
        5.3,
        5.3,
        5.3,
        5.3,
        5.3,
        5.3,
        5.3,
        5.3,
        5.3,
        5.3
    ],
    "bitmap": "/data/user/0/com.korea50k.RunShare/files/mapdata/map4.txt",
    "cal": "0",
    "distance": "1.035",
    "lats": [
        37.6219983,
        37.6219983,
        37.6219983,
        37.6219983,
        37.6219983,
        37.6219983,
        37.6219983,
        37.6219983,
        37.6219983,
        37.6219983,
        37.6225211,
        37.6228509,
        37.6230357,
        37.6237017,
        37.624017,
        37.6242747,
        37.6244889,
        37.6246446,
        37.6247979,
        37.6249567,
        37.6250261,
        37.6250557,
        37.6250612,
        37.6250524,
        37.6253206,
        37.6254951,
        37.6256353,
        37.6257849,
        37.6259211,
        37.6260093
    ],
    "lngs": [
        127.080342,
        127.0805182,
        127.0808621,
        127.0810928,
        127.081604,
        127.0823904,
        127.0832627,
        127.083906,
        127.0847751,
        127.0852137,
        127.0853958,
        127.0854073,
        127.0853443,
        127.085252,
        127.0851544,
        127.0850926,
        127.0850668,
        127.0850488,
        127.0850298,
        127.0855077,
        127.0858364,
        127.086025,
        127.0866346,
        127.0869864,
        127.0868087,
        127.0868548,
        127.0868905,
        127.0869309,
        127.086971,
        127.0869988
    ],
    "map_title": "",
    "speed": "0",
    "time": "00:40"
}